
{
  "header": {
    "event": "Allocation failed - JavaScript heap out of memory",
    "location": "OnFatalError",
    "filename": "report.20190516.142342.18084.001.json",
    "dumpEventTime": "2019-05-16T14:23:42Z",
    "processId": 18084,
    "commandLine": [
      "C:\\Program Files\\nodejs\\\\node.exe",
      "C:\\Program Files\\nodejs\\\\node_modules\\expo-cli\\bin\\expo.js",
      "start"
    ],
    "nodejsVersion": "v11.10.1",
    "wordSize": 64,
    "arch": "x64",
    "platform": "win32",
    "componentVersions": {
      "node": "11.10.1",
      "v8": "7.0.276.38-node.17",
      "uv": "1.26.0",
      "zlib": "1.2.11",
      "brotli": "1.0.7",
      "ares": "1.15.0",
      "modules": "67",
      "nghttp2": "1.34.0",
      "napi": "4",
      "llhttp": "1.1.1",
      "http_parser": "2.8.0",
      "openssl": "1.1.1a",
      "cldr": "34.0",
      "icu": "63.1",
      "tz": "2018e",
      "unicode": "11.0"
    },
    "release": {
      "name": "node",
      "headersUrl": "https://nodejs.org/download/release/v11.10.1/node-v11.10.1-headers.tar.gz",
      "sourceUrl": "https://nodejs.org/download/release/v11.10.1/node-v11.10.1.tar.gz",
      "libUrl": "https://nodejs.org/download/release/v11.10.1/win-x64/node.lib"
    },
    "osName": "Windows_NT",
    "osRelease": "10.0.17763",
    "osVersion": "Windows 10 Enterprise",
    "osMachine": "x86_64",
    "host": "DESKTOP-IIHH8VD"
  },
  "javascriptStack": {
    "message": "No stack.",
    "stack": [
      "Unavailable."
    ]
  },
  "nativeStack": [
    {
      "pc": "0x00007ff7d450dd6e",
      "symbol": "std::basic_ostream<char,std::char_traits<char> >::operator<<+9902"
    },
    {
      "pc": "0x00007ff7d450cc36",
      "symbol": "std::basic_ostream<char,std::char_traits<char> >::operator<<+5494"
    },
    {
      "pc": "0x00007ff7d450c4a2",
      "symbol": "std::basic_ostream<char,std::char_traits<char> >::operator<<+3554"
    },
    {
      "pc": "0x00007ff7d460a3ed",
      "symbol": "uv_loop_fork+83805"
    },
    {
      "pc": "0x00007ff7d4a00f1e",
      "symbol": "v8::internal::FatalProcessOutOfMemory+798"
    },
    {
      "pc": "0x00007ff7d4a00e57",
      "symbol": "v8::internal::FatalProcessOutOfMemory+599"
    },
    {
      "pc": "0x00007ff7d4ab0e74",
      "symbol": "v8::internal::Heap::RootIsImmortalImmovable+14900"
    },
    {
      "pc": "0x00007ff7d4aa6994",
      "symbol": "v8::internal::Heap::CollectGarbage+7556"
    },
    {
      "pc": "0x00007ff7d4aa5068",
      "symbol": "v8::internal::Heap::CollectGarbage+1112"
    },
    {
      "pc": "0x00007ff7d4aaeab7",
      "symbol": "v8::internal::Heap::RootIsImmortalImmovable+5751"
    },
    {
      "pc": "0x00007ff7d4aaeb36",
      "symbol": "v8::internal::Heap::RootIsImmortalImmovable+5878"
    },
    {
      "pc": "0x00007ff7d4c378e1",
      "symbol": "v8::internal::Factory::NewFillerObject+49"
    },
    {
      "pc": "0x00007ff7d4cf0cea",
      "symbol": "v8::internal::StoreBuffer::StoreBufferOverflow+27082"
    },
    {
      "pc": "0x000000efce050461",
      "symbol": ""
    }
  ],
  "javascriptHeap": {
    "totalMemory": 1525256192,
    "totalCommittedMemory": 1525256192,
    "usedMemory": 1430597624,
    "availableMemory": 17803368,
    "memoryLimit": 1526909922,
    "heapSpaces": {
      "read_only_space": {
        "memorySize": 524288,
        "committedMemory": 524288,
        "capacity": 515584,
        "used": 33520,
        "available": 482064
      },
      "new_space": {
        "memorySize": 33554432,
        "committedMemory": 33554432,
        "capacity": 16498688,
        "used": 833904,
        "available": 15664784
      },
      "old_space": {
        "memorySize": 1471352832,
        "committedMemory": 1471352832,
        "capacity": 1419101448,
        "used": 1418796096,
        "available": 305352
      },
      "code_space": {
        "memorySize": 2621440,
        "committedMemory": 2621440,
        "capacity": 1921600,
        "used": 1921600,
        "available": 0
      },
      "map_space": {
        "memorySize": 11546624,
        "committedMemory": 11546624,
        "capacity": 4714160,
        "used": 4714160,
        "available": 0
      },
      "large_object_space": {
        "memorySize": 5656576,
        "committedMemory": 5656576,
        "capacity": 5649512,
        "used": 4298344,
        "available": 1351168
      },
      "new_large_object_space": {
        "memorySize": 0,
        "committedMemory": 0,
        "capacity": 0,
        "used": 0,
        "available": 0
      }
    }
  },
  "libuv": [
  ],
  "environmentVariables": {
    "=::": "::\\",
    "=C:": "C:\\Users\\afmed\\Desktop\\AVC",
    "=ExitCode": "00000000",
    "ALLUSERSPROFILE": "C:\\ProgramData",
    "ANDROID_HOME": "C:\\Users\\afmed\\AppData\\Local\\Android\\Sdk;C:\\Users\\afmed\\AppData\\Local\\Android\\Sdk\\platform-tools.;",
    "APPDATA": "C:\\Users\\afmed\\AppData\\Roaming",
    "CommonProgramFiles": "C:\\Program Files\\Common Files",
    "CommonProgramFiles(x86)": "C:\\Program Files (x86)\\Common Files",
    "CommonProgramW6432": "C:\\Program Files\\Common Files",
    "COMPUTERNAME": "DESKTOP-IIHH8VD",
    "ComSpec": "C:\\WINDOWS\\system32\\cmd.exe",
    "DriverData": "C:\\Windows\\System32\\Drivers\\DriverData",
    "FPS_BROWSER_APP_PROFILE_STRING": "Internet Explorer",
    "FPS_BROWSER_USER_PROFILE_STRING": "Default",
    "HOMEDRIVE": "C:",
    "HOMEPATH": "\\Users\\afmed",
    "INTEL_DEV_REDIST": "C:\\Program Files (x86)\\Common Files\\Intel\\Shared Libraries\\",
    "JAVA_HOME": "C:\\Program Files (x86)\\Common Files\\Oracle\\Java\\javapath",
    "LOCALAPPDATA": "C:\\Users\\afmed\\AppData\\Local",
    "LOGONSERVER": "\\\\DESKTOP-IIHH8VD",
    "MIC_LD_LIBRARY_PATH": "C:\\Program Files (x86)\\Common Files\\Intel\\Shared Libraries\\compiler\\lib\\mic",
    "NUMBER_OF_PROCESSORS": "8",
    "NVM_HOME": "C:\\Users\\afmed\\AppData\\Roaming\\nvm",
    "NVM_SYMLINK": "C:\\Program Files\\nodejs",
    "OneDrive": "C:\\Users\\afmed\\OneDrive",
    "OneDriveConsumer": "C:\\Users\\afmed\\OneDrive",
    "OS": "Windows_NT",
    "Path": "C:\\Program Files (x86)\\Common Files\\Intel\\Shared Libraries\\redist\\intel64\\compiler;c:\\windows\\system32;c:\\windows;c:\\windows\\system32\\wbem;c:\\windows\\system32\\windowspowershell\\v1.0\\;c:\\windows\\system32\\openssh\\;c:\\program files\\nvidia corporation\\nvidia nvdlisr;C:\\Program Files (x86)\\NVIDIA Corporation\\PhysX\\Common;C:\\Program Files\\Git\\cmd;C:\\Program Files\\Git\\mingw64\\bin;C:\\Program Files\\Git\\usr\\bin;C:\\Users\\afmed\\AppData\\Roaming\\nvm;C:\\Program Files\\nodejs;C:\\Program Files (x86)\\Yarn\\bin\\;C:\\Program Files\\Genymobile\\Genymotion\\tools;C:\\Program Files (x86)\\Common Files\\Intel\\Shared Libraries\\redist\\intel64\\compiler;c:\\windows\\system32;c:\\windows;c:\\windows\\system32\\wbem;c:\\windows\\system32\\windowspowershell\\v1.0\\;c:\\windows\\system32\\openssh\\;c:\\program files\\nvidia corporation\\nvidia nvdlisr;C:\\Program Files (x86)\\NVIDIA Corporation\\PhysX\\Common;C:\\Program Files\\Git\\cmd;C:\\Program Files\\Git\\mingw64\\bin;C:\\Program Files\\Git\\usr\\bin;C:\\Users\\afmed\\AppData\\Roaming\\nvm;C:\\Program Files\\nodejs;C:\\Program Files (x86)\\Yarn\\bin\\;C:\\Program Files (x86)\\Common Files\\Intel\\Shared Libraries\\redist\\intel64\\compiler;c:\\windows\\system32;c:\\windows;c:\\windows\\system32\\wbem;c:\\windows\\system32\\windowspowershell\\v1.0\\;c:\\windows\\system32\\openssh\\;c:\\program files\\nvidia corporation\\nvidia nvdlisr;C:\\Program Files (x86)\\NVIDIA Corporation\\PhysX\\Common;C:\\Program Files\\Git\\cmd;C:\\Program Files\\Git\\mingw64\\bin;C:\\Program Files\\Git\\usr\\bin;C:\\Users\\afmed\\AppData\\Roaming\\nvm;C:\\Program Files\\nodejs;C:\\Program Files (x86)\\Yarn\\bin\\;C:\\Users\\afmed\\AppData\\Local\\M;C:\\Users\\afmed\\AppData\\Local\\Programs\\Microsoft VS Code\\bin",
    "PATHEXT": ".COM;.EXE;.BAT;.CMD;.VBS;.VBE;.JS;.JSE;.WSF;.WSH;.MSC",
    "PROCESSOR_ARCHITECTURE": "AMD64",
    "PROCESSOR_IDENTIFIER": "Intel64 Family 6 Model 158 Stepping 9, GenuineIntel",
    "PROCESSOR_LEVEL": "6",
    "PROCESSOR_REVISION": "9e09",
    "ProgramData": "C:\\ProgramData",
    "ProgramFiles": "C:\\Program Files",
    "ProgramFiles(x86)": "C:\\Program Files (x86)",
    "ProgramW6432": "C:\\Program Files",
    "PROMPT": "$P$G",
    "PSModulePath": "C:\\Program Files\\WindowsPowerShell\\Modules;C:\\WINDOWS\\system32\\WindowsPowerShell\\v1.0\\Modules",
    "PUBLIC": "C:\\Users\\Public",
    "SESSIONNAME": "Console",
    "SystemDrive": "C:",
    "SystemRoot": "C:\\WINDOWS",
    "TEMP": "C:\\Users\\afmed\\AppData\\Local\\Temp",
    "TMP": "C:\\Users\\afmed\\AppData\\Local\\Temp",
    "USERDOMAIN": "DESKTOP-IIHH8VD",
    "USERDOMAIN_ROAMINGPROFILE": "DESKTOP-IIHH8VD",
    "USERNAME": "afmed",
    "USERPROFILE": "C:\\Users\\afmed",
    "VBOX_MSI_INSTALL_PATH": "C:\\Program Files\\Oracle\\VirtualBox\\",
    "windir": "C:\\WINDOWS"
  },
  "sharedObjects": [
    "C:\\Program Files\\nodejs\\node.exe",
    "C:\\WINDOWS\\SYSTEM32\\ntdll.dll",
    "C:\\WINDOWS\\System32\\KERNEL32.DLL",
    "C:\\WINDOWS\\System32\\KERNELBASE.dll",
    "C:\\WINDOWS\\System32\\PSAPI.DLL",
    "C:\\WINDOWS\\System32\\WS2_32.dll",
    "C:\\WINDOWS\\System32\\RPCRT4.dll",
    "C:\\WINDOWS\\System32\\ADVAPI32.dll",
    "C:\\WINDOWS\\System32\\msvcrt.dll",
    "C:\\WINDOWS\\System32\\sechost.dll",
    "C:\\WINDOWS\\System32\\USER32.dll",
    "C:\\WINDOWS\\SYSTEM32\\dbghelp.dll",
    "C:\\WINDOWS\\System32\\win32u.dll",
    "C:\\WINDOWS\\System32\\GDI32.dll",
    "C:\\WINDOWS\\System32\\ucrtbase.dll",
    "C:\\WINDOWS\\System32\\gdi32full.dll",
    "C:\\WINDOWS\\System32\\msvcp_win.dll",
    "C:\\WINDOWS\\System32\\CRYPT32.dll",
    "C:\\WINDOWS\\System32\\MSASN1.dll",
    "C:\\WINDOWS\\System32\\bcrypt.dll",
    "C:\\WINDOWS\\SYSTEM32\\IPHLPAPI.DLL",
    "C:\\WINDOWS\\SYSTEM32\\USERENV.dll",
    "C:\\WINDOWS\\System32\\profapi.dll",
    "C:\\WINDOWS\\SYSTEM32\\WINMM.dll",
    "C:\\WINDOWS\\SYSTEM32\\winmmbase.dll",
    "C:\\WINDOWS\\System32\\cfgmgr32.dll",
    "C:\\WINDOWS\\System32\\IMM32.DLL",
    "C:\\WINDOWS\\System32\\powrprof.dll",
    "C:\\WINDOWS\\system32\\mswsock.dll",
    "C:\\WINDOWS\\System32\\kernel.appcore.dll",
    "C:\\WINDOWS\\System32\\bcryptprimitives.dll",
    "C:\\WINDOWS\\system32\\napinsp.dll",
    "C:\\WINDOWS\\system32\\pnrpnsp.dll",
    "C:\\WINDOWS\\SYSTEM32\\DNSAPI.dll",
    "C:\\WINDOWS\\System32\\NSI.dll",
    "C:\\WINDOWS\\System32\\winrnr.dll",
    "C:\\WINDOWS\\system32\\NLAapi.dll",
    "C:\\WINDOWS\\system32\\wshbth.dll",
    "C:\\WINDOWS\\SYSTEM32\\CRYPTBASE.DLL",
    "C:\\WINDOWS\\SYSTEM32\\dhcpcsvc6.DLL",
    "C:\\WINDOWS\\SYSTEM32\\dhcpcsvc.DLL",
    "C:\\Windows\\System32\\rasadhlp.dll",
    "C:\\WINDOWS\\System32\\fwpuclnt.dll"
  ]
}